,review,post_date,useful
0,"Let's see: -Game releases in Early Access with a lot of promise -As it does Larian constantly outdo them selves with updates -They vastly increase the complexity of the AI -Improve the progression in several ways -Give us two well developed and deep extra skill trees -Create a truly grand undead race with interesting mechanics -AGAINST ALL ODD include full voice acting for a game with the amount of dialogue -And include a fully orchestral soundtrack And the reviews for this masterpiece of a game are going down because some Russians got salty over the translations being delayed a bit. This game lost it's Overwhelmingly Positive rating simply because they didn't manage to translate all of the 80,000 or so lines of dialogue in time for the release. Seriously. EDIT: To everyone asking, the game is FULLY voice acted, every NPC, no matter how insignificant has a voice. That is somewhere in the area of 80,000 voices lines, where a lot had to be recorded 8 times for each one of the player voices.","September 14, 2017","2,003 people found this review helpful
32 people found this review funny"
1,Blah blah blah best RPG literally of the past 10 years blah blah blah. Here's What Matters. You can literally do anything and the game is prepared for all of it. Pay Full Price. Games like this don't happen enough.,January 22,"395 people found this review helpful
24 people found this review funny"
2,"This game is the greatest middle finger to all the money-grubbing AAA games out there. It's reasonably priced, it's intelligent, it gives freedom to your epic adventure, and last but not least, this game doesn't have any loot-box and micro-transaction nonsense! Great work Larian Studios. This game will go down as a cult classic!!","October 25, 2017","690 people found this review helpful
17 people found this review funny"
3,"â™¦ One of the best cRPG out there, if you are a fan of roleplaying games, this is definitely a must buy. For those who never play thier first game, no worries, although they take places in a same universe, each has a standalone story. This one starts thousand years after the first one so you are not missing anything. â™¦ One of best thing about DOS 2 is it gameplay. It's turn-based, slow-paced but really interactive with many different elemental combinations, cool interactions between each abilities and your surrounding environmental even statuses are interesting. For some examples you can create some nasty chain explosive reactions with a combo of Fire and Poison, any kind of liquid (water/blood/poison/...) left on the battleground can reacted to Air turning it into a pool of Electricity deal damage and stun anyone in it. Lone Wolf or One Man Army does what it says for who want to go solo, Leech turn you into a vampire allowing you to heal when standing near blood or Zombie make Poison heal you instead but normal healing will damage you. Because the game is classless , you can be anyone , mix and match anything you like, you may be born a warrior but dream to be a mage, go learn some magic and become a battlemage. Who says warrior can't be sneaky, go ahead and get yourself some rogue abilities... it has a great balance between combat and talking with rich dialogues and occasional silly humors. You can play as different races: Human , Elf , Dwarf , Undead and Lizard..yeah thats' right, you can become a Lizard that spits out Fire. Each races have different racial skill and special power, NPCs may also react/talk differently to you depend on your race. There are also different original characters ingame who have thier own story, goals and personalites for you to play, but if you want to create your own character, the game also offer many different origins which called tags: Soldier, Scholar, Outlaw,..etc which plays a part in dialogue. The Origins will remain in your game as companion and you can have different perspective on them through dialogues/questline which is really cool imo, there is also a relationship system ingame (not fully included in EA , will be in full game) which can create intense rivalry, friendship, enmity and romance! Having finished Act 1 in EA, there are no fetch quests and unrelated to the storyline, all of them is connected one way or another, each tell you a story about the game's world and ultimately leading to a bigger picture. You can finish quests in different ways , any path is a progression, you'll never feel getting stuck, there are always different paths to take, things to do. Oh a maze, i'm not in the mood to solve puzzle atm, let's jump/fly through it, dont have wings? Look around, there's maybe some other hidden paths/shortcut or go do some questline maybe some of them will shed some lights of the Maze making it easier to go through. Just look up the crafting list in DOS 1, and before there were just a combination of two items, in DOS 2 you can have a combination of total 5 items. Here comes the great part, you can craft new skills by combining books of different schools. You can turn a normal rain into a mean blood storm. Mixing a Pryo spell with Necromancy, you can make corpses explode dealing massive damage to nearby targets as if you cutting thier buddies down wasn't enough.. which have up to 5 players in total which include 4 main players and 1 GM. Allowing you to create your own worlds and adventure with friends, the devs also offer alot of tools for easier time making your own dungeon, you can control anything, the stats, the weather, music, dialouges, events,..etc and you can even do it on the fly! You can take a quick look of the mode (a GM Mode game hosted by Matt Mercer)","August 15, 2017","518 people found this review helpful
12 people found this review funny"
4,"EARLY ACCESS REVIEW You will love this game if... - You like games that don't hold your hand - You like games that allow you freedom to customise your characters and experiences - You like games that TRULY reward exploration and investigation *Legit, if you don't sit there scrolling over the map looking for hidden chests, ladders, ledges, etc, you're doing it wrong* - You like high strategy, turn based combat that rewards forward thinking and planning - You like finding, using, selling or collecting loot - You have 1 or more friends that will play with you. This game shines in multiplayer The handful of little annoying bugs and glitches are completely and utterly outweighed by how captivating and enthralling this game is... And it's still in Early Access... I see a lot of complaints that the story isn't long enough, or really focusing on the bugs, lets get real. Bugs: - Sometimes your helmet will blink and flicker a bit - Sometimes your characters won't be within range, or have line of sight on a target they clearly should - Accuracy percentage seems to be a bit off, 80% chance to hit is more like 30%; anything under 90% is trouble That's... About it... Story is too short? Well then play the rest of the game kid. You can speed run the ""story"" in like 20 minutes if you wanted, the real fun comes from exploring the world and finding everything else there is to do. I honestly can't believe how good this game is for an EA release and I can't wait for the full release come September. Could not recommend highly enough. Things I would like to see in future: - More races. - More in depth customisation options for spells and abilities. Think Champions Online or the Oblivion Spell-Creation. (asking for a lot, I know) - A little control over what armour looks like on your character. - More spells, more synergy between spells. This is already great, but why stop at great! The more points I list, the more I realise I'm just asking for more of the game. Give me more of the game mate.","June 5, 2017","489 people found this review helpful
9 people found this review funny"
5,"Divinity: Original Sin 2 is like playing a very enthusiastic Dungeon Master's homebrew campaign. Said DM really fell in love with the cosmology and deities section of the Dungeon Master's Guide as well as the idea of creating an epic, REALLY LONG arc where his players eventually achieve godhood. Mr. DM also put an awful lot of time into fleshing out his world and making sure you know that HIS elves are DIFFERENT (they EAT people and get their MEMORIES, see), though for some reason he decided to keep his dwarves Scottish. This DM is not perfect and has his faults. For one, he really loves throwing environmental effects all over the battlefield to the point of it becoming annoying. Fire spreads 50 feet in an arc! Now ice shoots out over the fire! Now smoke and lighting and tentacles spread atop the fire and ice! Yeah! Near the end of the campaign, his planning starts to slip, both in combat design and in lore. For instance, he offers his players a variety of different endings to their grand adventure, but none of them are all that great, and one gets the feeling that he randomly chose the final boss by just flipping through the Monster Manual with the intent of picking a Challenge Rating 30 beastie just to tell his other DM friends that ""I PUT MY PLAYERS UP AGAINST THIS GUY ONCE AND THEY KIND OF SURVIVED!"" After playing for nearly 140 hours, though, none of his players can say it wasn't an epic time at the table. They'll probably be back for more. BTW, Mr. DM - Lohse was the best character you created.",March 2,"144 people found this review helpful
39 people found this review funny"
6,Talked to a chicken that claimed he was a mighty wizard. Called him a liar. The chicken teleported me to the other side of the continent. Had to walk back to the rest of my party. Serves me right for doubting the mighty magic chicken. This game is awsome.,"November 16, 2017","1,001 people found this review helpful
1,540 people found this review funny"
7,"This game is a masterpiece. Easily one of the best games I ever played in my life. The gear is very rewarding, you notice your characters actually develop and become way stronger with each level and each new gear equipment. The story is rich and the voice acting makes it really helpful if you don't like reading dialogues. You can play the game multiple times and you would have a different experience each time you play it. Try to get some friends to play with you, they can either help you or turn against you. For example your friend could tell the guards that you stole something and they will put you in jail!. or you can make your friend distract traders and you pickpocket them. I really recommend this game.","November 4, 2017","242 people found this review helpful
5 people found this review funny"
8,"I was tired of games that only tests your reaction skill. I was tired of games that say it's 60 dollars, only to have randomized loot boxes or micro-transaction implemented later in time. I was tired of games that were advertised to be wide as an ocean but ended up being shallow like a puddle. Then Divinity Original Sin 2 came out. Each encounter is well executed and designed flawlessly. Enemy design is varied and leaves my friend and I saying ""WTF is that!?"" often. Every time my friend finds some epic loot, we cannot wait to identify it to see who can make use of the item. Quests are a joy to do and often leads you to find more quests that's filled with important decision making. Every choice you make has an impact on the world and I have been sent to jail multiple times for making the wrong decision. For $44.99 you are not buying a game but an experience. An experience to truly go on an epic adventure. Fights are never easy but once you learn the satisfaction of besting the enemy combatant that you failed to take down multiple times, you are left leaving for more glory. (Currently playing on Tactician Mode) I am not sure if anyone is going to read this review since this is my very first review with a positive rating (My other review is for Fallout 4 CREATION CLUB so you already know what rating I gave) but if you are looking for a game with challenge, depth, and quality give this game a try. I have been playing this game for over 102 hours and I have a feeling that this is only the beginning.","September 23, 2017","518 people found this review helpful
7 people found this review funny"
9,"I'm 48. I've been playing pc games since before Zork. This is the best RPG I've ever played. This is what, as a kid, I had always hoped these games would turn into. Great Job!!!! Great game.","September 15, 2017","1,672 people found this review helpful
50 people found this review funny"
10,"Most Animals in Modern RPGs: â–« [Player]: *clicks cat* â–« [Cat]: *meow sound* â–« *end dialogue* Divinity: Original Sin 2: â–« [Player with Pet Pal skill]: *clicks cat* â–« [Narrator]: As you approach a stray cat, it looks up to you with its pupils thin as a needle... â–« [Cat]: 'TIS A TERRIBLE DAY, INNIT? â–« *shows dialogue options* Divinity: Original Sin 2 has reached new heights of what it is to be expected on huge Indie Games. Made by Larian Studios, it was able to level with AAA games that it even surpasses the standards, regardless of its flaws. You'll play as your own character in the story, and embark on a journey towards the world of Rivellon as you find the answer to the cause of the Void's awakening. You could also play as one of the six main characters with their own unique story if character creation is not your thing. Also, quicksaving before doing anything else is a must. Talk to someone, quicksave first. Interacting an item, quicksave first. Opening a door, quicksave. After an autosave, quicksave. The game is very similar to its previous title, (DOS1). There may be changes, but there's nothing too drastic as far as I've observed. (ðŸ‘ = Good, ðŸ‘Œ = ok, ðŸ‘Ž = Bad) (Maximum of 1.0 per issue) âŒ Visual Bugs ( - 0.20 ) âŒ Gameplay Bugs ( - 0.05 ) NOTE: Can be fixed by reloading a save is obviously not for everyone to love. It's neither an Action RPG like Diablo that the majority wanted nor a hardcore RPG like Baldur's Gate. It's definitely not for those who hates reading a lot of texts as well. I would recommend this to anyone who, for once, has played and liked turn-based games because this one's the best of the genre as I'm writing this review.",February 16,"179 people found this review helpful
25 people found this review funny"
11,"After hitting over 400 hours in Divinity: Original Sin 2, I feel like I can finally review it in full depth. The game is spectacular. It was everything I wanted from Original Sin and then more. The quests are in-depth, and you feel the consequences of your character/race choices on top of the dialogue you pick. I've played four full playthroughs, and each one I was still finding things I had missed (and I'm sure I will find more in my next one). The story is just fantastic, I couldn't ask for more from a storyline. The game makes you want to read every little lore book and just learn more and more about anything and everything going on. And if you're an Original Sin fan, there's little pieces of lore left around everywhere for you to prick your ears up at and get excited about (and then some!). Then there's the combat. It's fantastic. It's incredibly strategic in every aspect. Your first playthrough on Tactician will give you some good laughs at some of the difficulty you need to face and work around (this is a good thing! My boyfriend and I faced some extremely hilarious moments of trying to figure out a fight and failing miserably when we were learning the game, it was amazing fun). And then you enter the realm of searching out perfect gear, perfect min-maxing, perfect stats, and perfect combat. That, in itself, is the most enjoyable aspect of the combat in Divinity: Original Sin 2. You can hop from easier combat to the most intense combat the game offers, and it's all fun. I recently finished my solo Honour Mode, and it was definitely hard and an adventure and left me sitting during quite a few fights thinking out beforehand how I was going to handle them because even the smallest mistake can mess you up. I can go on and on about how amazing the combat is, but you really just need to delve into it yourself to truly see how remarkable it is. I can't find anything I enjoy as much as D:OS2's combat system anywhere else. If you're looking for a game to literally lose yourself in for long periods of time, or to even play casually in your free time, this is definitely my go-to. This is just a masterpiece of a game, it's every fantasy and rpg player's dream come true. And did I mention the co-op is incredibly fun? Really, it's just a stunning piece of art. Now, I have a great many pros for D:OS2, but I do have a few cons, and these are entirely subjective, and my own personal opinion. I really don't enjoy the four-man party system. For someone like me, it's way too overwhelming managing four characters at all times, and I just don't like it. Because some best in slot gear pieces are unique and you won't find ANYTHING else with their bonuses on in the game (Second Skin, ihu), you're just sacrificing too much playing a full four-man. But that's from a min-maxing perspective, and probably not that important to others. The second part of why I don't like the four-man parties is because once you get a taste of the solid power of a Lone Wolf character, you really can't ever go back. Now this can be a good or bad thing. It gives the game a lot of replayable value, I'm about to hit my 5th playthrough and I'm finally needing to stray away from my babe Sebille ( ): ), which pushes me to pick other players to experience their stories. With all that being said, this is definitely a game I recommend anyone to buy. It's amazing in every aspect. I absolutely cannot wait until the Definitive Edition either. And big, big props to Larian Studios for their choice to give the buyers of D:OS2 the Definitive Edition for free. Incredible company who listens to their audience. I can't wait to see what future games come!",June 25,"104 people found this review helpful
9 people found this review funny"
12,"I cannot recommend this game enough. It is an RPG that breaks the boundaries of what you perceive an RPG to be. Every problem or puzzle has what feels like more solutions than you can conceive of. Original Sin 2 rewards clever thinking, tactics, and the role-playing itself over all else. Stat building and creating the ""perfect character"" is always a fun aspect of CRPGs but I'd say it's not the main focus here. Don't get me wrong, there are tons of numbers and plenty to min-max, but at the end of the day, it doesn't matter how much damage you do if you're not in combat, and the game truly shines when you can avoid it. Don't get me wrong, the combat in this game is fantastic. You can control all of your (up to 4) party members individually outside of combat and prepare the upcoming battlefield to your liking assuming you have the drop on your opponents. Place your archers up top, give your wizards ample space, have clean terrain for your warriors, e.t.c. However, when you find yourself able to circumvent combat, you'll be rewarded with a level of satisfaction very rare in games these days. It constantly feels like Original Sin 2 almost dares you to break the game's boundaries. It challenges you to out-think the developers. Everything matters in this game. I'll leave you with an anecdote: As I explored, searching for a quest target, I came upon a ruin. I saw a passage through, but in between it and myself were a few foes I was most certainly not equipped to handle at my current level. In other games I'd probably have left and came back later when I was a higher level, but not here. I navigated around the edges of the NPCs' detection radius in stealth with each of my characters individually until I found a minuscule spot I could teleport to that would get me past my foes. It was certainly inconvenient, but it worked - I painstakingly teleported each of my characters in turn to that one spot only to realize the one doing the teleporting was stuck below; the one casting the spell is unable to use it on themselves. After some hard thought I realized I could place the teleportation artifact close enough for my previously transported characters to grab. I then used it to pull my last hero past the baddies. I exhaled a sigh of relief and then panned the camera to see I had just come face-to-face with the very character I had been trying to track down. I was positively oozing with smugness.",June 3,"139 people found this review helpful
15 people found this review funny"
13,>I don't like turn-based games >this is the best game I have ever played,"October 17, 2017","144 people found this review helpful
28 people found this review funny"
14,"EARLY ACCESS REVIEW I know it's blasphemy to say it... But this is easily on-par, already, with old classics like Baldur's Gate. I think it actually surpasses them. The freedom is (even) better, the atmosphere, the character-building, the amazing replayability, everything. It's significantly better than the first, which I found enjoyable but didn't fall in love with. It had so much potential, but never really seemed to get there. This gets there - right away. It's that good.","May 28, 2017","173 people found this review helpful
3 people found this review funny"
15,"As an avid CRPG and Tabletop RPG player, Divinity OS 2 is the most fun I've had in a long time Pros: - TONS of roleplaying freedom and variety - Companions/ NPCs are interesting and diverse (playing as an origins character also adds even more depth) - Writing and story is quite good (Larian Studios have join the ranks of RPG storytellers such as Obsidian) - More mature story compaired to D:OS1 - Traditional Journal style quest tracker rather than modern ""map-markers"" - Freedom to approach objectives with your own methods - Lots of exploration - Actions have consequences and not afraid to punish you for them - Co-op is implemented nicely - Visuals quite good - Comfy music Cons: - Quest bugs (journal not updating) - Magic still seems to dominate - There are several fights that can come down to who can cheese the hardest (especially on higher difficulties) - Balancing on skills could use some work Sidenote: - Armor changes are hit or miss for some people, probs either hate it or like it","September 17, 2017","169 people found this review helpful
7 people found this review funny"
16,"Never played the first one, I hate turn-based combat and I bought this because I figured if I am going to ever like a game like this it will be this one. I installed the game and played almost 8 hours with only a couple breaks in between. I always found turn based games to be boring and somehow this one kept my attention. The way spells and combat with your party work together is just amazing. It really opened my eyes and maybe once I am done with this one I will go back and play the first. Might do that now that there is a sale! The story is well done so far and writing is top notch. Graphics are nice and the world seems so alive. So many side quests I am still in the first area. Performance is great, I am getting solid FPS (between 80-120) all settings maxed out in 1440. The soundtrack is great as well. Being fully voiced probably saved me for this game, I love reading but I hate reading in games, not sure I would have loved this as much as I do if it hadnt been voiced. Voice acting is actually really good in this game. Really looking forward to sinking tons of time into this game. ZERO regrets.","September 14, 2017","216 people found this review helpful
5 people found this review funny"
17,"EARLY ACCESS REVIEW If more game developers had HALF the talent and attention to detail that Larian does, the market wouldn't be so saturated with garbage today. Larian is one of the best and the Divinity series proves it. By far one of the best RPGs I've ever played. KEEP IT UP.","August 12, 2017","788 people found this review helpful
17 people found this review funny"
18,"Simply put, Divinity: Original Sin 2 expands on the best ideas from the first game while taking a complete 180 in tone to deliver a much darker and adult experience compared to the first. One of the most notable changes is immediately realized as character creation begins, with races, tags, origin stories, and a complete stat revamp giving a new level of depth to character creation. The origin story presets, while not customizable, deliver a unique experience for each. All of the notable ""origin story"" characters have interactions with each other, and even if you choose not to create them yourself, they can be found and interacted with around the world. Not only this, but you can recruit these important figures of the lore. Origin stories on the surface level seem gimmicky, but allow for a whole new level of replayability, in combination with the tag system. The tag system allows you to acquire new tags that effect quests and dialogue as you progress through the game, or assign them to your custom character in character creation. ""Origin story"" characters will have these tags preset, as well as a brief synopsis of their lore. However, the changes aren't just to the character creation. As soon as you get into combat, you'll quickly notice how much has changed. While Divinity: Original Sin 2 keeps the basics of the first game intact, action points have recieved a complete overhaul, streamlining the process of choosing actions. While the new system (6 action points total; 4 action points at the start of encounter. Most skills cost 1-2 action points) may seem to cater to a more casual audience at first, the new skills that accompany this revamp allow for a level of complexity in combat never before seen in the Divinity series. New skills introduced in the second game are more ambitious, creative, and innovative than any in the first game. Even from the start of the game, you'll acquire interesting abilities that you can use to control the battlefield. The new targeting system provided in D:OS2 gives a sense of clarity lacking in the first game. Height advantages and disadvantages means that positioning matters now more than ever before. In addition to the ""surfaces"" system of the first game (fire, poison, poison clouds, static clouds, electrified water, etc), most of these surfaces can now be blessed and cursed for interesting variations and choice in combat. For example, while fire is harmful to your team, if you bless it, it'll apply a heal every turn and prevent the members within from being frozen. The campaign here is of absolutely astounding quality and length - my first full playthrough of the game took roughly 80 hours, even without dozens of sidequests. No matter your choice of origin character or custom, you'll find the campaign to be deeply satisfying. However, as noted by the developers, you are meant to play with the origin story characters - and it shows. Each origin character has at least half a dozen unique encounters. While the game is still engaging if you're playing as a custom character, the origin stories really do allow for a better capacity for role playing and it's interaction in the game world. For the Steam Awards of 2016, this is my pick for the Most Astounding Game. The staggering amount of interactions in the game, even in alpha, can be overwhelming. Divinity: Original Sin 2 could very well shape up to be Game of the Year 2017 for me.","September 15, 2016","253 people found this review helpful
2 people found this review funny"
19,"I'm 72 years old and these have been the best 20 hours of my life. EDIT:: After playing through the game multiple times, including finishing it on Honour Mode, I have to say that my opinion of this game is even higher than it was after those first 20 hours. After finishing this game, it feels like my life is complete and there's nothing left to live for. This may be the last game I ever play and review I ever write. I would like to thank Larian for filling a void that has been plaguing me for more than half a century. I found the main story as well as every single side quest/story to be fun and interesting. There are no boring fetch quests as far as I can tell. How you handle side quests and whether you complete them or not 'does' affect the ending; as such, they could be considered extensions of the main story. (You could be unsatisfied with the ending if you just rush through and skip things.) You can build your characters any way you see fit and almost any build is completely viable. If you don't like the way you built your characters, just wait until you complete Act 1 and you can rebuild them any way you want as frequently as you want all the way up to the very end of the game; this is very good for testing new things out. By the end of the game my main character was a fire breathing Geo/Pyro battle mage that wielded a fire staff, used Warfare skills and showered my enemies in meteors with some necromancy for physical damage in case the enemy had too much resistance to those elements; she was pretty godly. I plan on trying a solo Honour mode run next with a similar but more diverse build. (I love the lizards!) For me, the best part of this game is the combat. It's extremely well done and very fun. I can't really say any more than what the other reviews cover though. Just know that if a fight seems absolutely impossible, that it really isn't. I've gone into fights where half my party was annihilated before I got to do anything, yet I still emerged victorious. There's always a way to win even if the enemy has you outnumbered and outleveled; just gotta think! Like many reviews state, there are still some bugs. As far as I can tell, they are all minor. After multiple play throughs on multiple difficulties I have not experienced any major bugs. Nothing game breaking and nothing that really affected my gameplay much. The few bugs I've experienced: - Many unvoiced lines in Arx. - Incorrect journal entries. - Sometimes a character would act blind in combat even though they weren't (could't use any ranged skills, couldn't see around themselves, but this was rare and only lasted a single turn.) - Sometimes the enemy AI would derp out and they'd just run around or repeatedly climb up and down a ladder until they were out of AP. - Custom undead characters do not receive the appropriate immunities, such as bleeding and suffocation. (though I don't recall any of my characters ever being afflicted with Bleed...) (Fane does receive these immunities) - Undead afflicted with Decay will not attempt to avoid poison puddles (Not sure if this is a bug or an oversight). - Altitude does not affect many player or enemy melee attacks. (Entities 10+ meters above can be struck with melee.) But it does affect some skills, such as Dragon's Blaze, Laser Ray, charging skills, Battle Stomp, etc. ... I think that's about it. I'll add more if I remember them. Some reviews complain about enemies being omniscient and knowing all of your strengths and weaknesses (including whether you're undead or not), which is true, but it's also true for players. Any player with Loremaster on one of their characters can examine any NPC or enemy to gain insight into their strengths and weaknesses. Only one of your characters needs Loremaster. If you examine with someone that doesn't have it, they use the skill level of whoever does, even if that person is dead. (This even works on the final boss, at no point in the game is it unfair that enemies can spot your weaknesses.) So in summary, very fun game, great character customization, great combat, good story, a few minor bugs. It can be challenging in some scenarios but it's supposed to be; that's at least half the fun. I could mention the poor inventory management but countless reviews already cover that. Tip: Carry a couple pieces of +Thievery and +Loremaster gear with you to make sure you can pick any lock and identify any item. There may be times when your base skill isn't sufficient. TL;DR: Recommended, as shown above. 10/10 on the Completely Subjective, Arbitrary and Useless rating system.","September 19, 2017","2,141 people found this review helpful
827 people found this review funny"
20,"This is without a doubt one of the best RPGs I have ever played and after completing it I can honestly say it has secured its place among my top favorite games of all time. When beginning the game you have the option of creating your own character or choosing from one of several premade characters, each with their own unique backstories and questlines. I highly recommend going this route as these characters and their quests are very well written and interesting. I found myself extremely invested in my main character (Lohse) and what would become of her and her companions. It's also really interesting witnessing the members of your party, each with their own motivations and biases, try to work together while also clashing as they look out for their own best interests. Each character is so well written and perfectly voice acted that it really helped make what is already such an immersive game feel even more alive. The dialogue is great, whether it be the main characters or random NPCs, it really feels like everyone has their own unique personality. The gameplay is incredibly fun, and I really can't think of the last time I had such a hard time putting down a game. You are given a lot of freedom, leaving it entirely up to you how you choose to progress throughout the world. There are often numerous ways to complete one task, depending on just how creative or good/evil you want to be. To add to this, the choices you make actually have consequences, and sometimes the line between what is right and what is wrong might not be so clear. So you will sometimes find that a decision you made might come back to haunt you in one way or another. I loved this and it was really cool seeing how some of the choices I made previously came to have a much wider impact than I had originally imagined. The turn-based combat system is really well done and there are lots of ways in which you can get creative and use the environment to your advantage. Each battle is well designed and interesting, with each type of enemy presenting their own unique strengths and weaknesses. You have to really put some thought into exactly how you design your group, providing for a nice amount of strategy both in and out of battle. If you find that you have messed up your build there is an option to respec, something which I think most of us can appreciate for its ability to save us a lot of wasted time. It is also worth mentioning that there are quite a few options as far as difficulty. I did my first playthrough on Classic, which is the default difficulty, and found it to be perfect for me. There were a few fights which I struggled on, but anytime I faced such a roadblock I found that all I needed to achieve victory was to simply reevaluate my strategy. Personally I love just how rewarding of a feeling this can be, and I look forward to doing future playthrough on the harder difficulties. However if you're someone who is looking for less of a hassle, you will be happy to find that the lower difficulty, Explorer, will allow you to simply enjoy the ride without any frustration. The quests are extremely fun and varied, some of which require solving puzzles, riddles, or getting a bit more creative with your abilities and items. One thing I really loved about the quest system is that it doesn't hold your hand, meaning that unlike some RPGs that basically give you a GPS tracker showing you exactly where you need to go, this game tends to just point you in a general direction and expect you to figure it out on your own. Now if this is offputting to you, please know I am speaking as someone with a truly awful sense of direction. I had a ton of fun with this and found that getting lost while trying to find where I needed to go to next provided for some of my favorite moments. Some of the random encounters you come across as you explore are the most surprising and rewarding experiences in the game. The attention to detail is truly incredible and the world really feels so alive. Even areas that at first glance appear to be devoid of life might have something hidden. Especially with the pet pal ability, which allows you to talk to animals, or spirit vision which allows you to see/speak to ghosts, you'll find that if you look close enough there is no shortage of things to be seen or done. And to top this all off the soundtrack is incredible, providing the perfect music to accompany you on what is truly an epic journey. The universe that Larian have built here is absolutely astounding and they managed to pack so much into this game that it's honestly a bit overwhelming at times. Between all of the characters and their questlines, the decisions you have to make throughout the game, and the sheer size of the world, it's truly impossible to take it all in on just one run. Speaking as someone who rarely plays games a second time, I'm already gearing up for my second trip into Divinity Original Sin 2 and imagine I'll be making even more eventually. Now that I've ranted and raved about just how much I adore this game I must point out really the only negative thing I have to say about it, and that is just how buggy it can be. During the course of my 111 hour playthrough I ran into a number of bugs, ranging from mildly annoying to gamebreaking. The biggest one, of course, being the gamebreaking bug which made it impossible for me to enter into a room you need to use to begin the final quest. In order to get around this I had to get a bit creative and basically stack items until I could get one of my characters to glitch into said room, then allowing the rest of my party to teleport to me. While I am obviously pleased that I was able to get past this annoying bug, I can't help but be frustrated that such a problem would even exist in the first place. For as much as I love this game some of the bugs I faced really took away from my overall enjoyment and I truly hope Larian will patch them as soon as possible. Of course I'm sure there are those who played the game without facing bugs, but it doesn't change the fact that I was unfortunate enough to encounter them and that some of you might as well. Overall I truly love this game and believe it deserves all of the praise it is getting. As I mentioned, my one and only complaint are some of the bugs I encountered. While frustrating, such issues can easily be fixed through a patch. And it does speak to just how captivating I found this game to be that I continued to press on despite these issues. There is absolutely no denying that this was a game crafted with a lot of love, and so I have complete faith that Larian will continue to be very active in it post release. If you're on the fence than I suggest you wait a bit to buy, but I imagine it won't take long for these issues to be fixed. For 45 Euro I managed to get one of the most amazing gaming experiences I have ever had and I encourage everyone who is interested to give it a try. This game is a masterpiece, plain and simple.","October 21, 2017","152 people found this review helpful
4 people found this review funny"
21,"Hands down one of the best CRPGs in recent history. I'm willing to say I liked this even more than Pillars of Eternity, and I'm a Infinity Engine RPG nut. It's a bit different than your classic CRPG, the main story doesn't seem that extraordinary, but it grows on you. It's not what makes the game good. The journey is. - You have multiple ways to achieve things. Want to steal a chest without being seen? Teleport it away from affar. Want to blow up a door but it has too much HP? Blow it up with an explosive barrel. Want to escape a keep of evil clerics? Well I'll let you figure that one out for yourself, you'll have many ways to chose from. - The voice acting is great considering how little budget they had compared to triple A companies. - Every NPC has something to say. - The writting is just right, and very immersive. - Remember the combat in Torment:Tides of Numenera? Wipe that nightmare out of your memory with the combat in this game. It's fun, complex and actually makes you look forward to battles. - Each companion is unique and complex. Great char development as well as you proggress. I could go on for ages. The bottom line is they have outdone themselves immensly with this game. Go buy it and support Larian so they can make more.","September 23, 2017","129 people found this review helpful
1 person found this review funny"
22,"As a former Black Isle designer I'm rather critical when it comes to games. I have very high expectations and I'm rarely satisfied with games today. It would be more appropriate to say that I've been 'content' with the games I play now and leave it at that. Well, that is not the case with Divinity: Original Sin 2. I'm quite envious of the fact that I was not involved with the design of this game. It has exceeded my expectations and provided me with many hours of gaming pleasure. I can only hope and pray that future sequels, please let there be more to come, are of equal or greater quality. Thank you Larian for the many hours of gaming pleasure I have received from this game. Please keep up the good work. My sincere compliments to you and your staff.",February 13,"224 people found this review helpful
10 people found this review funny"
23,"After playing this game for a few weeks, I can say that DOS2 has replaced Skyrim as my all time favorite RPG. It's that good. Pros: Voice acting, graphics, ""turn based"" combat, immersion factors all get a solid 10. I haven't finished the game, but so far the story is interesting, and even if the story ending stinks, it still has that draw you in factor. As for re-playability, it's already apparent to me that I'll have to play it again with the other available characters so I can experience their stories. There is the main story line, and each of the 5 pre-created characters have their own stories. I chose to create my own character, which means I have 3 of the 5 available pre-created characters as my compatriots, each with their own stories to be completed. With my current playthough, I'm not going to know how Sebille or Lohse's stories finish out. They're not in my party so, I gotta play again with them to find out how their stories end. An EXTREMELY well crafted RPG. This one is a clear and unmistakable winner. Kudos to Larian for self-publishing to avoid the pressure to release the game before they completed what they intended the game to be. You guys got it correct. Although I'm not a fan of third person, overlooking the party, view point games (I prefer first person... eyeballs forward), this one succeeds in grasping my attention and refusing to let it go. I'm drawn in, focused, worried, and sssso happy when a fight is over and all the characters under my control are still alive, I'm almost bouncing up and down in my seat ready for the loot. It's a blast to play! The only downside I've felt so far - and it's not really terrible - is inventory management. There's a load of stats, and as with any RPG, we all want all the stats to be as high as possible. Well, it ain't gonna happen. There's the agonizing struggle around applying the puny number of level up points to a plethora of possibilities. And, the loot that's uncovered has a variety of statistical applications that can be distributed to... well... do I want this? Who best to give it to? Arrrrgh! I like those extra points with that, but this one has these two stats.... which one to choose? Maybe I could give it to this character... but then I lose those stats. Grrrrr! Maybe I should keep it for later on? No. Maybe I'll just sell it. No... should I wait? Maybe it'll be useful in this situation? What... ever.... should.... I... do??? **blank it*** I'll just sell it. No, I'll keep it for later. ARRRGH!!! It's involved, at times frustrating, and can be overly time consuming. There's so many items that can enhance a variety of disparet statistics, it can be overwhelming. It's like a 20 page menu of delicious food at a great restaraunt to a starving man. I WANT IT ALL!!! I've always been of the opinion that less is more. This game does not embrace that. There's a lot of items, that do a lot of different things, and I've probably spent more time trying to figure out who should get what, for the maximum impact, than I've spent exploring. I'm not really unhappy about that though. For me, it's at most a minor annoyance. There is a crafting mechanism that I could take a deep dive into, which some people will do because they like exploring that type of mystery. Me? I try not to be an item hoarding â™¥â™¥â™¥â™¥â™¥, but ultimately I lose out on certain discoveries. But hey, it's all good y'know? I may miss out on a side quest here or there, but there's too much other content to discover so even though I've ""broken"" a few side quests so far, I've forgotten about them so I just press onward with the quests that are currently before me. Let me put it this way: Inventory management can be tedious, but if you ""explore"" it, certain items can open additional quests. Sheesh! As if there wasn't enough to do already! Oh, and if you put a point into Pet Pal, you can talk to the animals. Which open up probably a few dozen side quests to have fun with. I mean, why wouldn't you? There's only a hundred quests along the way, so why not open up a few dozen more??? A.. go on! You got the time! This game is easily worth the current price of around $40. My favorite gaming experiences have been with RPG's, and Divinity: Original Sin 2 is now my favorite of all time. Well done Larian!",August 4,"248 people found this review helpful
8 people found this review funny"
24,"Play it...just play it. This is easily one of the greatest rpgs ever made, and I would recomend it to litteraly everyone. If you like a great story, great turn based combat with an insane amount of depth, and beautiful visuals, you will fall in love with this game as much as I did. I've played through DOS1/DOS EE around 7 times, and while the story in that game was unintresting, the gameplay alone kept me coming back. DOS2, even in its alpha state, is a vast improvement over DOS1/DOS EE in everyway. Kill whoever you want, steal whatever isn't nailed down, Dos2 gives more freedom than any rpg to date. *Slight Spoilers*: You can kill the gaurds on the boat, and the game has dialouge to reflect that you did. You can also kill your companions on the boat or leave them to die, and there is special dialouge for both of these actions. Update: After having finished the full game I can safely say this is my favorite rpg of all time, period. Larian did an icredible job with this game, and its very obvious just how much love and care went into this game. Update as of Nov 24th 2017: I've now put in over 600 hours in and I still can't stop playing it. When I'm not playing it I'm think about, and if that's not an indication of this game's quality I don't know what is. This is my game of the century, and Larian Studios has given me hope for the game industry. This is a must buy, especially if you want to give the middle finger to scummy publishers who fill their games with microtransactions, loot boxes, and other anti consumer pratices. A few bugs here and there, but nothing that truly detracts from the over all experience, and the game is patched roughly once, and Larian is one of the few publishers that I trust to fix everything (even if things that are wrong are miniscule).","June 24, 2017","114 people found this review helpful
8 people found this review funny"
25,"An adventure! If I had to describe Divinity: Original Sin 2 in a word, that would be it. An adventure. Without a doubt, itâ€™s the best modern cRPG game up to date. And as an oldschool gamer, I can understand when someone is saying that nothing can stand in one line with games like Planescape: Torment or Baldurâ€™s Gate. Well, it couldnâ€™t. Until now. Times changing, and so gaming industry is changing. And we have just received the best, most polished cRPG game ever made. It has to be said, even if we are sentimental. The world of Divinity: Original Sin 2 is full of content and whatâ€™s the best, we can interact with almost everything and everyone. There are no boring NPCâ€™s with exactly the same dialogue lines. In this game everyone is unique and has something to say. Also, we are talking here about huge cRPG game that is fully voice acted (!) and itâ€™s not Oblivion-like voice acting with 5 actors. The main narrator, who is with us most of the time, and all the other voice actors, did an outstanding job here. Every character sounds special. If you have played first Original Sin you know what to expect from fights. They can be approached in many different ways. Even in tough fights, one properly used scroll or skill can change everything. Of course in both ways, because we can easily lose. The fights are hard, made to think in strategic ways and whatâ€™s the most important, they are very satisfying. Comparing to other cRPG games itâ€™s one of the best parts of Divinity. It took me roughly 105 hours to finish the game once, so it can be said that Divinity: Original Sin 2 is one of the biggest cRPG games. Whatâ€™s more, this game has high replayability value. Every character has its own personality and its own origin story. By playing with different characters we have new quests and we can approach many situations in totally different way â€“ origin characters have their own interactions across whole game. The main story is interesting and I have never lost my interest. I donâ€™t want to spoil anything, but itâ€™s just really good piece of writing. Side quests are keeping high level as well. Same as in first Original Sin, we also receive minimal amount of help in all the quests. I have completed this game few days ago and to be honest, I canâ€™t wait to play it again. I am thinking about new characters and about making different decisions in several points of the game. Itâ€™s something amazing. There are many huge games, like The Witcher 3 or Fallout 4 that can give you +/- 100 hours of actual playtime, but those are mostly single experience games. You are not playing them again. In Civilization series we are saying about â€œone more turnâ€ syndrome. Here we have â€œone more hourâ€, â€œone more eveningâ€ and â€œone more day syndromeâ€! The game is quite fresh, so there are still bugs. I havenâ€™t experienced any gamebreaking bug though, but there are many small things that for sure will be fixed in the future. Whatâ€™s more, the final act and final battle are both the weakest parts of the game. You can feel that devs were in hurry here, but on the other side, whole game is so good, that It simply canâ€™t. Divinity: Original Sin 2 is, in my humble opinion, the best game of year 2017. Letâ€™s just hope we will see more cRPGâ€™s like this in the future (Obsidian, we are looking at you). Whoop. We've got quite a long review here! Enjoy the game! :) EDIT: Found typo.","November 7, 2017","100 people found this review helpful
3 people found this review funny"
26,"I play ""The Witcher"" to experience another's fantasy adventures. I play ""Divinity: Original Sin"" to make my own fantasy adventures.","December 23, 2017","526 people found this review helpful
29 people found this review funny"
27,"Divinity Original Sin 2 - Larian's second foray into the grand re-imagining of the Divinity universe, and one can only say... they really outdid themselves this time. Larian Studios takes a bold step into the old RPG style that players were so enamoured by with the original Divine Divinity, only with all the polish of modern capabilities, and the extremely successful and informative release of Divinity Original Sin (and its Enhanced Edition) granting them insight into the necessary improvements that make DOS2 the absolute masterpiece that it is. Players can be sure to find themselves trapped within this game for such lengths of time that the outside world shall begin to pass by unnoticed, as one becomes so transfixed with the beauty of Larian's latest release. Divinity Original Sin 2 is perhaps the most engaging, exciting, satisfying and well-designed Adventure RPG of the decade... and that is quite the title to fight for. ----------------- The world of DOS2 is massive. Hours upon hours upon hours of dense, creative and unique content stacked together in this vibrant and stunning game world. Every location itself is chock full of fantastic characters, all fully voiced with quality acting, and each with a rich and realistic personality and story that drive the player's desire to uncover every ounce of their story and build upon the deep lore and sprawling history of the world of Divinity. The main campaign spans four Acts, each filled to the brim with hours of non-linear content including side quests, treasure hunts, battles, secrets to be uncovered and more all with multiples ways to be completed and numerous outcomes - and with such immense amounts of freedom and player choice, the likes of which almost no modern game can compete with, there really is no dull moment in Divinity, and this game is a shining example of the effort and dedication Larian puts into their work. ----------------- The combat of DOS2 has been revamped since the previous release, though maintaining much of what it once was. Divinity Original Sin 2, like its predecessor, adopts turn-based combat, and turns it into one of the most finely crafted and perfect editions of this style of combat to date. Every moment of battle is exciting and even for one such as I, whom rarely plays turn-based games, the combat was astoundingly well designed and thoroughly enjoyable. Players command all manner of skills thanks to the diverse customisation options available and freedom of choice, with crafting bombs, traps, potions, poisons, arrows and much, much more, players will always find themselves with an array of tools with which to combat the enemy. No class is tied to any particular tree of skills, and one can mix and match as they see fit... provided they learn how to best use such abilities. DOS2 encourages interactivity with the environment, and players have much freedom to use objects, terrain and combinations of attacks for devastating effects. If there is oil, set it ablaze. If there is water, freeze it so that your enemies slip. The combinations are many, and are far deeper and complex than just those above. This game holds some of the most complex and intriguing combat systems I know. Combat is by no means forgiving, and the game boasts a variety of difficulty options that make enemies easier, or expand their skills sets and AI intelligence such as that they pose worthy adversaries to even well skilled players. ----------------- Something brought to players for the first time in Divinity Original Sin makes its triumphant return in DOS2, and that is the wonderfully designed multiplayer aspect. Drop-in / drop-out co-op allows players to seamlessly enter the world of another player and join them on their journey... be they ally or foe. The multiplayer system is beyond extensive, and to the delight of some players, and the woe of others, players can act as friend or foe on their journey - and betrayal is a sweet thing. The absolute freedom of the multiplayer system does have its faults however, as playing with strangers can sometimes lead to them rushing through things, progressing without you or making choices that you didn't want to make. It is highly recommended that players save co-op until after their first playthrough, or only play with friends that one can communicate with easily and rely on. DOS2s world is too big and too grand to risk someone spoiling it for you. However, in my experience, playing DOS2 with a friend or two (or 3) is an inimitable experience that all should try. Working together or against one another towards the finale of this game is thrilling beyond imagination. ----------------- So, alongside the beautifully crafted world, intricate characters, massive freedom of choice, expansive customisation and awesome combat, Divinity Original Sin 2, much like other installments in the series, boasts an amazing soundtrack. Composed by Borislav Slavov, DOS2s soundtrack combines epic scores, emotional pieces and the jovial warmth of tavern music in one of the best compositions of the year and even beyond, rivalling that of Hollow Knight, NieR: Automata and potentially even the Witcher 3. With traditional styles of RPG music reminiscent of golden oldies, each with its own unique flair and spark, and returning tracks from other Divinity titles, the music of Larian's latest game is something no-one will not enjoy. Hours of beautiful tracks, some of which are placed so heart-wrenchingly well within the game world that you will no doubt be straight onto YouTube and listening to the whole lot for hours. With everything else DOS2 has to offer, the Soundtrack really is the cherry on top, and it is something to behold. ----------------- To summarise Divinity Original Sin 2 into one word, it would have to be... brave. Larian Studios started the development of this game precariously, via Kickstarter backing; and after the amazing success of Divinity Original Sin, they had certainly garnered enough interest to support their new installment. Their return to old school RPG styles was a risk that paid off... not because the style is popular, but because Larian took something good, and turned it into something beyond great. DOS2 is, and will no doubt remain for some time, among my favourite games of all time. I have sunk so many hours into this game, through several playthroughs and still each new one is unique and engaging. Here is a timeless game. Play it, with all my heart, I tell you to play it.",March 13,"75 people found this review helpful
1 person found this review funny"
28,"+ Crafting (spells, potions, recipes) has a ridiculous amount of depth + Combat is SUPER FUN + Extremely flexible situations with multiple solutions that range from super obvious to obscure but ridiculous + Takes its time; the tutorial town is nearly 30 hours long + Character development/leveling is handled much, much better than the first game + Much easier to create a customized character instead of being overwhelmed by choices + Able to customize every preset character - Ridiculously overwhelming; not a time waster game - Quest log is extremely vague and not helpful at all - The map flags all the wrong stuff","September 19, 2017","142 people found this review helpful
2 people found this review funny"
29,"I'm 35 years old, and the first time I've had a happy cry IN MY ENTIRE LIFE was playing this game. I didn't even know that type of emotion existed inside me. Just... just hurry up and give them your money. Hell, buy it twice and for all your friends. Excellence in story craft like this happens once a generation, so don't miss it. Also, whatever you do, DO NOT go for spoilers of any kind. Just take some time off work and play this game... trust me. The only danger here is that after I finished the game, I kinda feel like I'm done with gaming. I feel... complete, like every game I ever played was building up to this and nothing could ever be better than Divinity 2 (particularly Lohse's story arc). So, keep that in mind. You might be spoiled after playing.",April 25,"206 people found this review helpful
29 people found this review funny"
30,"EARLY ACCESS REVIEW First time reviewing a game, but felt I should on this one. I never did play the first game though heard good things about it, so figured give the second a run. So far...even in early access I can't say I was disappointed. The game it's self reminds me of classic computer RPGs and pen 'n paper RPGs I played when I was much younger just a bit more fair and easier to understand yet still maintaining a lot of what made them challenging. Character customization starts a bit limited but as you get higher in levels its more about what you want to play and what your party members be. You are not locked into your starting class at all and I love that, hoping they have a lot more choices in the full release. Gameplay wise is point and click, though I found there is a lot to interact with in the world in different ways, one of the more different ways I found was that playing an Elf or having an Elf in your group, the elf can eat a corpse and gain the memories of that person, and it actually does play a part in the game. Combat is much of the same, point and click with a lot of tactical choices to make, the enemy AI is well refined and act in actually very smart ways even on the easier difficulties. I also found it pretty neat how your spells, items and attacks can change the battle ground and make hazards for yourself and your enemies, with the enemies able to do the same. Such as freezing a wet spot on the ground to give a chance of someone slipping on the spot or shocking the water with lighting to stun everyone standing in the wet spot. Though at times at least for me I found it hard to move to avoide these hazards at times like the area they were affecting were slightly larger than they really were. I even tried a bit of co-op with friends and a bit hidden in a sense once we figured it out, connecting with one another was clean and easy to do. Storywise I found interesting enough, a dark world with many dark themes with demons, torture and corruption. The premade characters have backgrounds and behave well according to their backgrounds. Another different system in this game is the tag system. Basicly pick tags for your character and you will have in game choices that you can make based just on those tags you pick. The pre mades having different choices as well they can make based on their stand alone backgrounds. Though it does feel you can get same results no matter your background still, it does help with immersion and at in making your created character feel seprate from the rest. Graphics, are not that important to me, but they are decent enough in this game. Though playing completely zoomed out (pretty much the only way to play an RPG like this) I found it a bit difficult to notice things I could pick up or interact with since they are so small. A few rare times I misclicked on something because of how small it is. I have an older system, so I wasn't able to play on the highest settings, I was able to however able to play on high even though the game suggested I play on low. So I can see pretty much everyone able to play this game with no issues. Even when I tried the highest settings I just had a slight drop in Frame rate. Overall Divinity 2 I recommend highly, especially if you are a fan of old school RPGs and Pen 'n Paper RPGs, you will feel right at home playing this with a high level of immersion and ability to costumize your character however you desire. Story had been done before but it's presented well in the world, and should be interesting enough to keep you playing. Combat is deep, and will challenge the thinking sides of your brain to approach each encounter in most effective way possible, plus have you thinking best way to build your characters to deal with threats in your prefered way. You might find a little frustration in interacting with the world due to how small things are and will even miss a few things if you aren't careful, but it shouldn't be a big enough issue to remove any enjoyment in the game. Hope you found this helpful if you took the time to read it.","September 14, 2017","223 people found this review helpful
3 people found this review funny"
31,"Now that 2017 is but a memory I can say with confidence that Divinity: Original Sin 2 was my Game of the Year. Although I backed the game on Kickstarter (just like the first) and had an Early Access copy, I didnâ€™t play it until full launch so that I could fully immerse myself. And immerse myself I did into this high-fantasy adventure that manages to make the magical and fantastical feel realistic and gritty. It has taken everything that was good about Divinity: Original Sin and improved upon it, whilst also making it so you donâ€™t need to have played the first in any way as it takes place a thousand years before. Whether Iâ€™m following a quest that portrays me as the savior of the universe (hero complex much?) or trying to solve the angst of a tiny rat I really believe in my characters and their responses. There is a balance between the epic and the banal, the frivolous and the fateful that creates a woven world that is wonderful to experience. In my first playthrough, co-op with a friend, Iâ€™m a summoner, focusing on gathering my minions. Iâ€™m a bit heavy handed though, Iâ€™ll send my minions into battle at a moments notice from afar, but stand aside, watching the ebb and flow, supporting and commanding the field. I speak harsh truths and it frequently gets me into trouble even though I feel righteous. In my solo playthrough, Iâ€™m a morally ambiguous pickpocketing hitman with a deep, dark past that Iâ€™ve blocked from memory. I fight with my words, and flirt with absolutely everyone, often getting what I desire in alternative ways. Even though the majority of the quests are the same on multiple playthroughs (bar the character story quests which too, are dark and deep), it feels different. Different dialogue and varying methods result in genuinely diverse results and thatâ€™s testament to the freedom, flexibility and depth of the game. Divinity: Original Sin 2 rewards exploration and creativity as many side quests can only be discovered or completed by turning over every rock, talking to every NPC or trying things that are a little out of the box. This may frustrate some but delighted me at every stage. There are no glowing quest signs and immersion breaking yellow exclamation marks here. If you donâ€™t like reading, thatâ€™s fine â€“ as everything is beautifully and uniquely voiceovered. But if you donâ€™t like paying attention to detail, youâ€™re going to miss out on a lot of the fun. This game is for people who like to genuinely invest their time and attention into the world theyâ€™re playing and the characters in it. Perhaps that, above all else is what reminds me of the D&D campaigns from my youth that I sorely miss. Tactically the combat is as complicated as you make it, with different difficulty settings that cater to your preference for challenge. You can brute force things if youâ€™re so inclined, but youâ€™re rewarded for playing smart at any level and the game gives you the tools to feel like a tactical genius, with a deep satisfaction when you pull off a clever combo. Divinity: Original Sin 2 has the old school charm of Baldurâ€™s Gate and Planescape Torment but with modern mechanics and beautiful aesthetics, I finally feel like an RPG has surpassed them. It only took a few decades for us to get here. I wonder if this is the pinnacle of the genre and how long itâ€™ll be before I can say that about a game again. â™¥â™¥â™¥ If you find the reviews of an old Welsh lady interesting, please follow . Thanks! â™¥â™¥â™¥",January 8,"80 people found this review helpful
4 people found this review funny"
32,"I'm not good with reviews, but wanted to leave a recommend. - 45â‚¬ - No Lootbox, micro transaction, season pass *!Â§""?- - Great story with plenty of twists and wow-moments - Lovely and vivid characters with beautiful backstories and ambitions - Decisions that matter - Journal instead of questlog - Voiced dialogue - Malady - ... And so on.","October 12, 2017","142 people found this review helpful
7 people found this review funny"
33,"Well. I don't like tedious quests, I dont like common NPC stereotypes, I hate lousy combat mechanics and poor strategy, and above all else I hate it when a game plays like it literally cant spell ""scenario"". But raising a baby demon chicken to conquer the world and tele-rob ignorant merchants? Igniting grenades in people's pockets and befriend a cat for no effing reason ? Just cause you know, he's like mysterious and all? And he's a really good looking cat, all the while being lectured by a crab? Oh, and trying to become a demigod and save the world, apparently insane pathing possibilities (OH DEAR TP) Well rounded scenario, emo NPCs that drink blood or are possessed by demons like it's totally fine, and GOD the landscapes!!! I did spend a whole 10 minutes exploring a map and praising its beauty before remembering I had entered a fight. Hell, I just like clicking a spell and not actually launching it cause the casting animation is then suspended and they're F***ING MAGNIFICENT (not as much as my cat, tho. He's a nice cat.) So yeah, Maybe it's a bit too much, maybe it's been written a hundred times but playing this in coop mode was (one of?) the best gaming experience in my entire life. Entertaining, challenging, captivating, and of course it makes no sense sometimes cause you keep doing awesome tricks with your cat to try F**KING with the scenario. But you know what? It adapts to all the sh*t you do. It gets your sh*t together. It gets it all together, puts it in a backpack, all your sh*t, so it's all together. And then it makes wonders from out of nowhere and you're like ""but I was trying to act crazy! And I did! And still, cool sh*t keeps happening! It's a F***ING transsh*itation!!! Like alchemy or something!"" It's beautiful, smart sometimes even touching, funny as hell, and you know the best part? It has a cool cat. And it's nice. And hidden quests, and insane replayability, and nutsy combos, and a perfect leveling/reroll system, and Malady is kinda sexy but like, not entirely but that's okay. And talking boat, and a condor, a phoenix omelett and A CAT. AND GODS AND ALL BUT A CAT MOSTLY. And you know what? THE CAT REALLY IS IMPORTANT!!!! I mean even a common (though really nice) cat DOES HAVE its own scenario and voice acting!! Cause every EFFING DIALOG has voice acting!!! like hours of it! This is your best investment this year and if you have a friend that you like and he likes good ol RPGs like you (Baldur's gate, Neverwinter Night, Icewind Dale's fans, I'm looking right at yo, dawgs), buy it and offer it like my friend offered it to me. And play that crazy mindf***ing adventure together. You deserve it. Most importantly, the cat does.",April 3,"194 people found this review helpful
128 people found this review funny"
34,"I am not kidding when I say this is the closest game to a true ""dnd experience"". Not perfect by any means, but damn close. 99% beautifully voice acted (1% being your character who doesnt talk much, which I personally prefer.), visually stunning, most if not every npc has been thought through and is unique with dialouge options, choices that matter with true player freedom, and amazing main and side quests. Game master mode is ground breaking to say the least. Mod support is very welcoming and sure to give the game life for years to come. This game is easily worth 60, yet they sell it at 45 with no pre order BS. A great game by a great developer. 100% Reccomend to rpg fans and players even slightly interested, you wont regret it.","September 20, 2017","57 people found this review helpful
1 person found this review funny"
35,"I am playing Divinity Original Sin 2 in splitscreen local coop (with 2 controllers) with my wife. This game is just as brilliant as everyone says it is. She loves it, I love it and I love being able to play such a cool game together. Highly recommended!",January 13,"82 people found this review helpful
3 people found this review funny"
36,"A masterpiece It took me around 100 hours to finish the game. The world of Rivellon is both big and alluring. It was a joy to explore every single corner of it. Each battle was challenging, fun, made me use different tactics and I never got tired of fighting. The game balances roleplaying and combat perfectly. In some RPGs the combat is fine but the story and characters are what keep you playing. However in Original Sin 1 I didn't really care for the story while Original Sin 2 kept me interested at all times. It really improves on the lore, roleplaying and combat. It's definitely a good sequel and one of the best games of 2017. I only have two complaints: Romance had no effect on the ending and the amount of puzzles in the game. It would have taken me A LOT more than 100 hours to finish the game because of the puzzles. Now don't get me wrong. The puzzles are all interesting and well executed. There are some simple puzzles, moderate and very hard ones. I just don't have too much time to play video games and since there are so many puzzles in the game I had to resort to using Google way more than I'd like to admit. Now the romance and with it some minor spoilers ahead. I decided to romance Lohse. At the end of the game she asked me if I would like to travel the world with her and I can't answer her. All I can do is end the conversation and in the final cutscene the narrator tells me that she spent the rest of her life traveling Rivellon alone. Just dissapointing. But what is the game about? What's the story like? You have the ability to use Source - A powerful and outlawed magic. Magic used by the gods themselves. It's what gives them power. The game starts with you being captured by Magisters who hunt and imprison everyone who can use Source. They take you to an isolated prison island. While there you make new friends, discover an unbelievable truth about yourself and make interesting alliances while trying to escape the island. You will meet dragons, witches, paladins, underground fighting arenas, demons, trolls, ghosts and much, much more. You will also uncover conspiracies and astonishing secrets. Will you be the new Divine? The game itself plays alot like the recent XCOM games. It's basically a turn-based roleplaying game. Not to worry tho. You can still create a custom character and choose their stats, race, gender, and origin story or you can simply choose one of the pre-made characters. There's a wide variety of classes to choose from as well. All your favourate melee, ranged and magic classes are there. It also has Steam Workshop and modders have made some really interesting class mods that are worth checking out. However, if you enable mods you are not able to earn achivements. This, in my humble opinion, is a bit foolish. It's a singleplayer game and I should be allowed to have my fun however I want. The trainers still work and it has no leaderboards in it so I don't really support disabling achivements for mod users. It's a minor complaint but a complaint nonetheless. The game is well optimised and ran at a solid 60 frames per second at all times. I did experience two crashes during my playthrough but other than that I really didn't notice any other bugs or issues. Visually the game is lovely to look at and the soundtrack is marvelous. Don't go into it expecting remarkable next gen graphics though. It's a game I most definitely won't forget any time soon. I want a sequel and I want it now! A must play for every roleplaying fan and fans of the turn-based genre should give it a go as well.",October 17,37 people found this review helpful
37,"EARLY ACCESS REVIEW When I first got this game, I was immediately assaulted by an array of limiting areas, tough enemies, and hard fights, to the point where it felt like I wasn't allowed to do anything except a very strict railroad of easier enemies in order to progress. It made me start to lose faith in the game, because it seemed like there was only an illusion of freedom. But then I got good. After floundering around in my first save file for a good few hours, I sat down and made a new character, applying everything I had learned. I made a focused character. I scrounged for every piece of armor, clawed at every possible avenue and advantage, and I applied the very tactics that destroyed me in the first playthough. It didn't take long to learn that if done right, the game is just as impossible for your enemies as it could be for you. What I was rewarded with was knowing that there are, for example, several different ways to complete the first area. It's not a railroad; I just, to put it blunt, sucked. In fact, after discovering my first way though that beginning area... I went back in, and starting clearing out enemies, starting in order from most managable. It became an arms race of beating the lowest enemies I could find, surviving the encounter, and assimilating any loot I could find, up to and including the paintings on the walls. Then, I come up to what I'll call ""midway"" through the first act. Suddenly things are falling into place with the plot, and I'm gaining hints of what appears to be a really neat story in the making. The varied things you can encounter kept my interest once I had the skill to progress, managing gear was interesting due to the magic armor and physical armor differences, and limited resources forced me to make interesting decisions every time I came across a nice piece of gear in a shop. I began to learn of the various advantages and disadvantages inherent to different styles. Spreading your points can mean you have access to a ton of powerful toolbox abilities, but don't deal much damage. You can focus all your points into one aspect, and that character will be a high damage monster, but will lack in utility in comparison. Pair two such characters together, and your high damage will punch through the defenses of your victim, then the utility monster will knock them down for a turn, only to be put in the ground for good by your high damage character's second round. Essentially, what I'm saying is if you find yourself overwhelmed by this game like I was at first, I suggest you attempt to absorb what the game is beating into you, then try to use that to beat it back into the game. If you can manage that, the varied builds and playstyles as well as the interactive battle system may just capture your attention. Overall, this game is already something that I would consider great, and they're only in early access. They're still working on the game and the story, accepting feedback from the forums, and they're doing it well. Worth the full price now, can only get better from here. Would recommend.","January 2, 2017","86 people found this review helpful
4 people found this review funny"
38,"At times, this game has instilled a sense of wonder in me, that I've very rarely felt in over 20 years of gaming. It's made me laugh out loud, and genuinely care. There's an overwhelming amount of things to see and do, and there's immense depth everywhere you look. This is the one game I don't regret buying at full price â€” and I'd gladly give Larian more as good and honest developer. I can tell that this title is a labour of love. I genuinely think we'll be looking back at DOS2 in a decade, as a classic in the cRPG genre.","September 19, 2017","86 people found this review helpful
1 person found this review funny"
39,EARLY ACCESS REVIEW You should invest in this early access and here's why. Larian always complete their games so it's guaranteed this won't be left dead in the water.,"September 18, 2016",60 people found this review helpful
40,I stayed up til 4am playing this. On a workday.,March 26,"255 people found this review helpful
150 people found this review funny"
41,When I think of good games i think of divinity original sin 2 and witcher 3. When I think of good studios i think of larian and CD project RED. Great game 10/10 enough said,August 30,"221 people found this review helpful
9 people found this review funny"
42,"A rare example in 2018 of how games used to made. âœ” Custom engine âœ” Split-screen âœ” Co-op âœ” Modding tools including level editor âœ” Full game included, no DLC cancer Game itself is basically a hybrid of RuneScape, Dungeon Siege and Disgaea with 10/10 polish",October 11,"110 people found this review helpful
3 people found this review funny"
43,"EARLY ACCESS REVIEW Wore a bucket on my head for armor. This was after killing a child when his mum found out i stole the razzle dazzle grenade. First character i made ended up deleting as i got into a fight i couldn't handle, burned my revives(had no recent save). I have talked two people into fighting to the death to settle a petty argument, had followers that have a blood feud, put out fires with raining blood, picked the pocket of my buddy online w/o him noticing, and spent 20 minutes the first time around on character creation. I've only just hit the first city as well. . . This game is just terrific. DO NOT GET ME WRONG, the fights can be really, really unforgiving(ofc i play in classic), but rewarding as well. 10/10 i'd murder that child again.","March 18, 2017","79 people found this review helpful
65 people found this review funny"
44,"I am incredibly excited to say that this game is all that I could have asked of Larian Studios. As someone who loves Dungeons and Dragons, Pathfinder, etc, Divinity: Original Sin 2 simply blows my mind. The dialogue can be witty, comedic, even tongue-in-cheek, but at times it is also grim, dark, and serious. Each character has their own way of coping with situations, and you as the player must work to keep the group together. You can choose the class of all of your adventurers, and tweak your main character at the start screen - in effect, you can multiclass from the get-go. Abilities synergize and can create opportunities that can be exploited by other party members - or, if you're not careful, by the enemy! In terms of customization, the game is lovely. In summation, you can advance your character in a non-linear fashion if you so choose, but you might find it easier to create classes that are symbiotes (they benefit from each other's abilities). In terms of audio, the game is FANTASTIC. The voice acting is wonderfully immersive, and the sound effects are well-timed and well-orchestrated. Speaking of orchestas, the soundtrack is incredible. If you don't believe me, give it a listen on YouTube. The ability to choose which instrument will play at turning points of the campaign really gives you that feeling of audio customization, and lets you feel like you are in control of every aspect of the game. In short, I may sound like a ""yes-man"" when I wholeheartedly recommend this game. I may sound like there's nothing wrong with the game, but there are several bugs which are still unfixed and exploits that can be exposed to the savvy gamer. But, if you are like me, and you simply enjoy a game for what it has to offer (a complex storyline, diverse characters, entertaining combat, excellent audio, above-average graphics), then this game is for you!","September 15, 2017",48 people found this review helpful
45,"EARLY ACCESS REVIEW dedicated to the fans, even the stuff they said they couldnt because it would be insane, they managed to fit it into the game. consumer friendly company making a fantastic RPG","August 27, 2017","127 people found this review helpful
2 people found this review funny"
